run,case_index,case,architecture,contract,verified,status,first_stage_passed,no_repair_completion,context_evidence_events,calls,reported_tokens,usage_complete,seconds
0,1,citation-range-threshold-concerns,multi_agent,explicit_citations,True,awaiting_human,True,False,0,3,3877,True,13.544898
1,7,citation-rnaseq-sensitive-only,single_agent,explicit_citations,True,awaiting_human,True,True,0,1,3249,True,4.476638
2,5,citation-empty-all-concerns,multi_agent,v04_original,True,awaiting_human,True,True,0,2,1575,True,4.451981
3,6,citation-public-boundary-below,single_agent,v04_original,True,awaiting_human,False,False,1,2,5303,True,7.806691
4,3,citation-git-only-weak-controls,single_agent,explicit_citations,True,awaiting_human,True,True,0,1,1996,True,4.121561
5,4,citation-empty-no-concerns,multi_agent,explicit_citations,True,awaiting_human,True,True,0,2,1579,True,3.258845
6,7,citation-rnaseq-sensitive-only,multi_agent,v04_original,True,awaiting_human,True,True,0,2,4051,True,8.054896
7,0,citation-range-no-concerns,single_agent,explicit_citations,True,awaiting_human,True,True,0,1,1843,True,2.821104
8,2,citation-missing-no-concerns,multi_agent,v04_original,True,awaiting_human,False,False,2,4,3836,True,8.898705
9,3,citation-git-only-weak-controls,single_agent,v04_original,True,awaiting_human,True,True,0,1,1953,True,4.834666
10,1,citation-range-threshold-concerns,single_agent,explicit_citations,True,awaiting_human,True,True,0,1,2144,True,5.439133
11,5,citation-empty-all-concerns,single_agent,v04_original,True,awaiting_human,True,True,0,1,1163,True,1.90386
12,0,citation-range-no-concerns,single_agent,v04_original,True,awaiting_human,False,False,1,2,3546,True,6.060338
13,6,citation-public-boundary-below,single_agent,explicit_citations,True,awaiting_human,True,True,0,1,2762,True,4.205642
14,5,citation-empty-all-concerns,single_agent,explicit_citations,True,awaiting_human,True,True,0,1,1261,True,1.484496
15,7,citation-rnaseq-sensitive-only,multi_agent,explicit_citations,True,awaiting_human,True,True,0,2,4095,True,7.985121
16,3,citation-git-only-weak-controls,multi_agent,v04_original,True,awaiting_human,True,True,0,2,2284,True,5.828701
17,2,citation-missing-no-concerns,single_agent,explicit_citations,True,awaiting_human,True,True,0,1,1812,True,2.674467
18,7,citation-rnaseq-sensitive-only,single_agent,v04_original,True,awaiting_human,True,True,0,1,3157,True,4.951691
19,0,citation-range-no-concerns,multi_agent,explicit_citations,True,awaiting_human,True,True,0,2,2314,True,5.576763
20,4,citation-empty-no-concerns,single_agent,v04_original,True,awaiting_human,False,False,1,2,2267,True,3.447161
21,0,citation-range-no-concerns,multi_agent,v04_original,True,awaiting_human,False,False,2,4,3856,True,9.394434
22,1,citation-range-threshold-concerns,multi_agent,v04_original,True,awaiting_human,True,False,0,3,3878,True,10.974774
23,6,citation-public-boundary-below,multi_agent,explicit_citations,True,awaiting_human,True,True,0,2,3283,True,7.050114
24,3,citation-git-only-weak-controls,multi_agent,explicit_citations,True,awaiting_human,True,True,0,2,2336,True,4.854353
25,2,citation-missing-no-concerns,single_agent,v04_original,True,awaiting_human,True,True,0,1,1751,True,2.948337
26,4,citation-empty-no-concerns,single_agent,explicit_citations,True,awaiting_human,True,True,0,1,1221,True,1.298463
27,1,citation-range-threshold-concerns,single_agent,v04_original,True,awaiting_human,True,True,0,1,1804,True,3.099609
28,5,citation-empty-all-concerns,multi_agent,explicit_citations,True,awaiting_human,True,True,0,2,1626,True,3.160871
29,4,citation-empty-no-concerns,multi_agent,v04_original,True,awaiting_human,False,False,1,3,2171,True,4.833737
30,6,citation-public-boundary-below,multi_agent,v04_original,True,awaiting_human,False,False,1,3,4311,True,11.886703
31,2,citation-missing-no-concerns,multi_agent,explicit_citations,True,awaiting_human,True,True,0,2,2251,True,4.793749
