case,package,version,advisory,reference,prediction,audit_passed
external-joblib-0,joblib,1.1.0,GHSA-6hrg-qmvc-2xh8,affected,affected,True
external-joblib-1,joblib,1.1.1,GHSA-6hrg-qmvc-2xh8,affected,affected,True
external-joblib-2,joblib,1.2.0,GHSA-6hrg-qmvc-2xh8,outside_this_advisory,outside_this_advisory,True
external-joblib-3,joblib,1.3.0,GHSA-6hrg-qmvc-2xh8,outside_this_advisory,outside_this_advisory,True
external-scikit-learn-0,scikit-learn,0.24.2,GHSA-jxfp-4rvq-9h9m,affected,affected,True
external-scikit-learn-1,scikit-learn,1.0,GHSA-jxfp-4rvq-9h9m,affected,affected,True
external-scikit-learn-2,scikit-learn,1.0.1,GHSA-jxfp-4rvq-9h9m,outside_this_advisory,outside_this_advisory,True
external-scikit-learn-3,scikit-learn,1.0.2,GHSA-jxfp-4rvq-9h9m,outside_this_advisory,outside_this_advisory,True
external-scipy-0,scipy,0.11.0,GHSA-xp76-357g-9wqq,affected,affected,True
external-scipy-1,scipy,0.12.0,GHSA-xp76-357g-9wqq,affected,affected,True
external-scipy-2,scipy,0.12.1,GHSA-xp76-357g-9wqq,outside_this_advisory,outside_this_advisory,True
external-scipy-3,scipy,0.13.0,GHSA-xp76-357g-9wqq,outside_this_advisory,outside_this_advisory,True
external-torch-0,torch,1.12.1,GHSA-47fc-vmwq-366v,affected,affected,True
external-torch-1,torch,1.13.0,GHSA-47fc-vmwq-366v,affected,affected,True
external-torch-2,torch,1.13.1,GHSA-47fc-vmwq-366v,outside_this_advisory,outside_this_advisory,True
external-torch-3,torch,2.0.0,GHSA-47fc-vmwq-366v,outside_this_advisory,outside_this_advisory,True
external-transformers-0,transformers,4.29.1,GHSA-282v-666c-3fvg,affected,affected,True
external-transformers-1,transformers,4.29.2,GHSA-282v-666c-3fvg,affected,affected,True
external-transformers-2,transformers,4.30.0,GHSA-282v-666c-3fvg,outside_this_advisory,outside_this_advisory,True
external-transformers-3,transformers,4.30.1,GHSA-282v-666c-3fvg,outside_this_advisory,outside_this_advisory,True
external-tensorflow-0,tensorflow,1.5.0,GHSA-jfq2-rj7f-9gvf,affected,affected,True
external-tensorflow-1,tensorflow,1.5.1,GHSA-jfq2-rj7f-9gvf,affected,affected,True
external-tensorflow-2,tensorflow,1.6.0,GHSA-jfq2-rj7f-9gvf,outside_this_advisory,outside_this_advisory,True
external-tensorflow-3,tensorflow,1.7.0,GHSA-jfq2-rj7f-9gvf,outside_this_advisory,outside_this_advisory,True
external-onnx-0,onnx,1.11.0,GHSA-ffxj-547x-5j7c,affected,affected,True
external-onnx-1,onnx,1.12.0,GHSA-ffxj-547x-5j7c,affected,affected,True
external-onnx-2,onnx,1.13.0,GHSA-ffxj-547x-5j7c,outside_this_advisory,outside_this_advisory,True
external-onnx-3,onnx,1.13.1,GHSA-ffxj-547x-5j7c,outside_this_advisory,outside_this_advisory,True
external-mlflow-0,mlflow,1.22.0,GHSA-vqj2-4v8m-8vrq,affected,affected,True
external-mlflow-1,mlflow,1.23.0,GHSA-vqj2-4v8m-8vrq,affected,affected,True
external-mlflow-2,mlflow,1.23.1,GHSA-vqj2-4v8m-8vrq,outside_this_advisory,outside_this_advisory,True
external-mlflow-3,mlflow,1.24.0,GHSA-vqj2-4v8m-8vrq,outside_this_advisory,outside_this_advisory,True
external-gradio-0,gradio,2.4.5,GHSA-rhq2-3vr9-6mcr,affected,affected,True
external-gradio-1,gradio,2.4.6,GHSA-rhq2-3vr9-6mcr,affected,affected,True
external-gradio-2,gradio,2.5.0,GHSA-rhq2-3vr9-6mcr,outside_this_advisory,outside_this_advisory,True
external-gradio-3,gradio,2.5.1,GHSA-rhq2-3vr9-6mcr,outside_this_advisory,outside_this_advisory,True
external-fastapi-0,fastapi,0.65.0,GHSA-8h2j-cgx8-6xv7,affected,affected,True
external-fastapi-1,fastapi,0.65.1,GHSA-8h2j-cgx8-6xv7,affected,affected,True
external-fastapi-2,fastapi,0.65.2,GHSA-8h2j-cgx8-6xv7,outside_this_advisory,outside_this_advisory,True
external-fastapi-3,fastapi,0.65.3,GHSA-8h2j-cgx8-6xv7,outside_this_advisory,outside_this_advisory,True
