run,case_index,case,architecture,contract,verified,status,first_stage_passed,no_repair_completion,context_evidence_events,review_required_events,calls,reported_tokens,usage_complete,seconds
0,5,triage-unsupported-range,multi_agent,explicit_triage,True,awaiting_human,True,True,0,0,2,2732,True,6.284113
1,7,triage-below-high-boundary,multi_agent,v041_original,True,awaiting_human,True,True,0,0,2,2581,True,5.133209
2,9,triage-urgent-exposure-below,multi_agent,explicit_triage,True,awaiting_human,True,True,0,0,2,2675,True,6.526479
3,1,triage-missing-cvss-critical,multi_agent,explicit_triage,True,awaiting_human,True,True,0,0,2,2731,True,6.483525
4,9,triage-urgent-exposure-below,single_agent,explicit_triage,True,awaiting_human,True,True,0,0,1,2113,True,2.727701
5,1,triage-missing-cvss-critical,single_agent,explicit_triage,True,awaiting_human,True,True,0,0,1,2136,True,2.90365
6,5,triage-unsupported-range,single_agent,v041_original,True,awaiting_human,True,True,0,0,1,2089,True,3.236603
7,3,triage-missing-cvss-epss,multi_agent,explicit_triage,True,awaiting_human,True,True,0,0,2,2667,True,5.487935
8,0,triage-missing-cvss-low,multi_agent,explicit_triage,True,awaiting_human,True,True,0,0,2,2645,True,4.527509
9,11,triage-sensitive-critical,multi_agent,explicit_triage,True,awaiting_human,True,True,0,0,2,2646,True,5.90339
10,3,triage-missing-cvss-epss,multi_agent,v041_original,True,awaiting_human,True,True,0,0,2,2659,True,6.372259
11,2,triage-missing-cvss-kev,single_agent,v041_original,True,awaiting_human,True,True,0,0,1,2047,True,3.53074
12,6,triage-zero-is-present,single_agent,v041_original,True,awaiting_human,True,True,0,0,1,2017,True,3.174186
13,0,triage-missing-cvss-low,single_agent,explicit_triage,True,awaiting_human,True,True,0,0,1,2102,True,2.973176
14,6,triage-zero-is-present,single_agent,explicit_triage,True,awaiting_human,True,True,0,0,1,2122,True,2.676798
15,8,triage-high-boundary,single_agent,explicit_triage,True,awaiting_human,True,True,0,0,1,2167,True,3.039295
16,10,triage-urgent-exposure-boundary,single_agent,explicit_triage,True,awaiting_human,True,True,0,0,1,2110,True,3.757241
17,10,triage-urgent-exposure-boundary,multi_agent,v041_original,True,awaiting_human,True,True,0,0,2,2510,True,4.739653
18,8,triage-high-boundary,multi_agent,v041_original,True,awaiting_human,True,True,0,0,2,2575,True,5.163765
19,3,triage-missing-cvss-epss,single_agent,v041_original,True,awaiting_human,True,True,0,0,1,2019,True,3.51577
20,5,triage-unsupported-range,single_agent,explicit_triage,True,awaiting_human,True,True,0,0,1,2177,True,2.677641
21,0,triage-missing-cvss-low,multi_agent,v041_original,True,awaiting_human,True,True,0,0,2,2541,True,5.679753
22,4,triage-missing-version,multi_agent,v041_original,True,awaiting_human,True,False,0,1,3,4313,True,9.9418
23,11,triage-sensitive-critical,multi_agent,v041_original,True,awaiting_human,True,True,0,0,2,2518,True,5.332787
24,7,triage-below-high-boundary,single_agent,v041_original,True,awaiting_human,True,True,0,0,1,2021,True,3.029791
25,2,triage-missing-cvss-kev,multi_agent,v041_original,True,awaiting_human,True,False,0,1,3,4355,True,12.169793
26,6,triage-zero-is-present,multi_agent,v041_original,True,awaiting_human,True,True,0,0,2,2573,True,5.304257
27,9,triage-urgent-exposure-below,multi_agent,v041_original,True,awaiting_human,True,True,0,0,2,2529,True,4.773462
28,0,triage-missing-cvss-low,single_agent,v041_original,True,awaiting_human,True,True,0,0,1,2000,True,3.056285
29,6,triage-zero-is-present,multi_agent,explicit_triage,True,awaiting_human,True,True,0,0,2,2682,True,5.32852
30,4,triage-missing-version,single_agent,v041_original,True,awaiting_human,True,True,0,0,1,2051,True,3.414365
31,10,triage-urgent-exposure-boundary,multi_agent,explicit_triage,True,awaiting_human,True,True,0,0,2,2639,True,6.802741
32,5,triage-unsupported-range,multi_agent,v041_original,True,awaiting_human,True,False,0,1,3,4363,True,9.706987
33,7,triage-below-high-boundary,single_agent,explicit_triage,True,awaiting_human,True,True,0,0,1,2165,True,2.797959
34,4,triage-missing-version,multi_agent,explicit_triage,True,awaiting_human,True,True,0,0,2,2690,True,4.787505
35,10,triage-urgent-exposure-boundary,single_agent,v041_original,True,awaiting_human,True,True,0,0,1,1998,True,2.783683
36,1,triage-missing-cvss-critical,multi_agent,v041_original,True,awaiting_human,True,True,0,0,2,2587,True,5.209151
37,8,triage-high-boundary,single_agent,v041_original,True,awaiting_human,True,True,0,0,1,2015,True,2.638165
38,1,triage-missing-cvss-critical,single_agent,v041_original,True,awaiting_human,True,True,0,0,1,2023,True,3.04717
39,3,triage-missing-cvss-epss,single_agent,explicit_triage,True,awaiting_human,True,True,0,0,1,2103,True,3.153644
40,11,triage-sensitive-critical,single_agent,v041_original,True,awaiting_human,True,True,0,0,1,2000,True,2.961912
41,7,triage-below-high-boundary,multi_agent,explicit_triage,True,awaiting_human,True,True,0,0,2,2732,True,5.614057
42,4,triage-missing-version,single_agent,explicit_triage,True,awaiting_human,True,True,0,0,1,2117,True,2.477413
43,8,triage-high-boundary,multi_agent,explicit_triage,True,awaiting_human,True,True,0,0,2,2702,True,5.411261
44,2,triage-missing-cvss-kev,single_agent,explicit_triage,True,awaiting_human,True,True,0,0,1,2115,True,2.679387
45,9,triage-urgent-exposure-below,single_agent,v041_original,True,awaiting_human,True,True,0,0,1,2035,True,3.063724
46,2,triage-missing-cvss-kev,multi_agent,explicit_triage,True,awaiting_human,True,True,0,0,2,2654,True,5.45745
47,11,triage-sensitive-critical,single_agent,explicit_triage,True,awaiting_human,True,True,0,0,1,2067,True,3.871996
