architecture,fault,persistent,runs,accepted,detected,repaired,mean_calls,mean_seconds,sd_seconds
single_pass,none,False,10,10,0,0,1,0.0009196,0.000491764894142629
single_with_repair,none,False,10,10,0,0,1,0.0008103,8.349058496487957e-05
multi_agent,none,False,10,10,0,0,2,0.0007649,8.387616533384863e-05
single_pass,missing_citation,False,10,0,10,0,1,0.0007527,5.1549436897452594e-05
single_with_repair,missing_citation,False,10,10,10,10,2,0.0012521,9.870320269485802e-05
multi_agent,missing_citation,False,10,10,10,10,3,0.0010682,9.059531506160302e-05
single_pass,missing_citation,True,10,0,10,0,1,0.0007391,2.2902935280099914e-05
single_with_repair,missing_citation,True,10,0,10,0,3,0.0017384,0.00010248381986115344
multi_agent,missing_citation,True,10,0,10,0,4,0.0013571,8.374889717350184e-05
single_pass,unknown_citation,False,10,0,10,0,1,0.0007309,2.0035801290024154e-05
single_with_repair,unknown_citation,False,10,10,10,10,2,0.0012334,5.470973912892986e-05
multi_agent,unknown_citation,False,10,10,10,10,3,0.0010922,0.00021642437734948228
single_pass,unknown_citation,True,10,0,10,0,1,0.0007589,6.069312609806447e-05
single_with_repair,unknown_citation,True,10,0,10,0,3,0.0017106,0.00013115487028700072
multi_agent,unknown_citation,True,10,0,10,0,4,0.0013302,7.644576872237959e-05
single_pass,omitted_finding,False,10,0,10,0,1,0.0008254,0.00030148749743747437
single_with_repair,omitted_finding,False,10,10,10,10,2,0.0012409,7.454521372220275e-05
multi_agent,omitted_finding,False,10,10,10,10,3,0.0010284,4.8431394776529024e-05
single_pass,omitted_finding,True,10,0,10,0,1,0.0007821,0.00010364088639785617
single_with_repair,omitted_finding,True,10,0,10,0,3,0.0017462,0.00012193422634992829
multi_agent,omitted_finding,True,10,0,10,0,4,0.0013678,0.00010382442444391932
single_pass,duplicate_finding,False,10,0,10,0,1,0.0007606000000000001,6.832634110567379e-05
single_with_repair,duplicate_finding,False,10,10,10,10,2,0.0012254,7.109023999271786e-05
multi_agent,duplicate_finding,False,10,10,10,10,3,0.0010576,9.796393894353845e-05
single_pass,duplicate_finding,True,10,0,10,0,1,0.0007515,1.6681659922734824e-05
single_with_repair,duplicate_finding,True,10,0,10,0,3,0.0017114,7.01129247872475e-05
multi_agent,duplicate_finding,True,10,0,10,0,4,0.0013657,7.974410462361607e-05
single_pass,unsupported_status,False,10,0,10,0,1,0.0007703,7.236949940717044e-05
single_with_repair,unsupported_status,False,10,10,10,10,2,0.0012613,7.667543428127567e-05
multi_agent,unsupported_status,False,10,10,10,10,3,0.0010645,0.00012286058042440719
single_pass,unsupported_status,True,10,0,10,0,1,0.0007428000000000001,3.454401379239085e-05
single_with_repair,unsupported_status,True,10,0,10,0,3,0.0017106,8.3398907533479e-05
multi_agent,unsupported_status,True,10,0,10,0,4,0.0013452,0.00011559873125024625
single_pass,priority_downgrade,False,10,0,10,0,1,0.0007555,6.312465621468542e-05
single_with_repair,priority_downgrade,False,10,10,10,10,2,0.0012431,8.373297505231203e-05
multi_agent,priority_downgrade,False,10,10,10,10,3,0.0010251,6.061252162530261e-05
single_pass,priority_downgrade,True,10,0,10,0,1,0.0007257,2.35563155013682e-05
single_with_repair,priority_downgrade,True,10,0,10,0,3,0.001712,0.00011878926251513173
multi_agent,priority_downgrade,True,10,0,10,0,4,0.0013088,7.552012241044695e-05
single_pass,context_omission,False,10,0,10,0,1,0.0007322,1.215456018675021e-05
single_with_repair,context_omission,False,10,10,10,10,2,0.0012444,8.175600555582717e-05
multi_agent,context_omission,False,10,10,10,10,3,0.0008588000000000001,4.675420361374534e-05
single_pass,context_omission,True,10,0,10,0,1,0.0007163,7.8747133986648e-06
single_with_repair,context_omission,True,10,0,10,0,3,0.0016452,3.900370352785604e-05
multi_agent,context_omission,True,10,0,10,0,3,0.0007244,6.753303718263462e-05
single_pass,schema,False,10,0,10,0,1,0.0006934,3.857517912394502e-05
single_with_repair,schema,False,10,10,10,10,2,0.0011583,6.634262916439506e-05
multi_agent,schema,False,10,10,10,10,3,0.0009898,7.889345839661094e-05
single_pass,schema,True,10,0,10,0,1,0.0006783,2.3485456492618306e-05
single_with_repair,schema,True,10,0,10,0,3,0.0015312,7.662723623708042e-05
multi_agent,schema,True,10,0,10,0,4,0.0012031000000000001,5.058644965688825e-05
single_pass,transport,False,10,0,10,0,1,0.0007203,0.00012732203265735276
single_with_repair,transport,False,10,10,10,10,2,0.0012048999999999999,6.609832742883055e-05
multi_agent,transport,False,10,10,10,10,3,0.0010043,6.949828135365013e-05
single_pass,transport,True,10,0,10,0,1,0.0007184,7.125572101787882e-05
single_with_repair,transport,True,10,0,10,0,3,0.0015957,7.314073192597041e-05
multi_agent,transport,True,10,0,10,0,4,0.0012382,5.87268630563939e-05
