run,case_index,repeat,architecture,verified,status,calls,seconds,reported_tokens,usage_complete,repairs
0,3,1,multi_agent,True,awaiting_human,3,10.799999,3047,True,1
1,1,0,multi_agent,True,awaiting_human,2,8.739835,3396,True,0
2,4,1,single_agent,True,awaiting_human,2,6.291775,3458,True,1
3,5,1,multi_agent,True,awaiting_human,2,4.988939,1554,True,0
4,3,0,multi_agent,True,awaiting_human,3,8.118126,3004,True,1
5,2,1,single_agent,True,awaiting_human,1,3.634101,1784,True,0
6,4,0,multi_agent,True,awaiting_human,4,10.723951,3773,True,2
7,2,1,multi_agent,True,awaiting_human,3,8.573438,3015,True,1
8,3,1,single_agent,True,awaiting_human,1,3.252343,1759,True,0
9,4,0,single_agent,True,awaiting_human,2,5.622975,3417,True,1
10,0,0,multi_agent,True,awaiting_human,2,8.701525,4093,True,0
11,3,0,single_agent,True,awaiting_human,1,3.492491,1763,True,0
12,5,0,multi_agent,True,awaiting_human,3,6.278063,2290,True,1
13,1,1,single_agent,True,awaiting_human,1,4.829421,2805,True,0
14,2,0,multi_agent,False,blocked,3,7.300744,2441,True,2
15,0,1,single_agent,True,awaiting_human,1,4.616106,3168,True,0
16,5,1,single_agent,True,awaiting_human,1,1.953497,1164,True,0
17,1,0,single_agent,True,awaiting_human,2,12.429561,5944,True,1
18,4,1,multi_agent,True,awaiting_human,2,7.021292,2276,True,0
19,1,1,multi_agent,True,awaiting_human,3,16.786286,5965,True,1
20,2,0,single_agent,True,awaiting_human,2,6.367933,3479,True,1
21,0,0,single_agent,True,awaiting_human,1,5.408794,3185,True,0
22,0,1,multi_agent,True,awaiting_human,2,9.091691,4110,True,0
23,5,0,single_agent,True,awaiting_human,1,1.806428,1162,True,0
