components,repeat,milliseconds,findings,passed
1000,21,15.559299848973751,8,True
100,3,2.0904000848531723,8,True
100,27,1.9747999031096697,8,True
1000,4,15.680900076404214,8,True
100,16,2.2193999029695988,8,True
10,20,0.7050000131130219,8,True
1000,17,19.192100036889315,8,True
10,8,0.8225999772548676,8,True
1000,5,15.234600054100156,8,True
100,6,2.055299933999777,8,True
10,17,0.718599883839488,8,True
1000,13,14.864400029182434,8,True
1000,12,15.232800040394068,8,True
100,22,2.0932999905198812,8,True
1000,23,14.985800022259355,8,True
10,1,0.8655998390167952,8,True
10,25,0.6931000389158726,8,True
10,14,0.6491998210549355,8,True
1000,29,14.840200077742338,8,True
100,1,2.078699879348278,8,True
10,24,0.6883000023663044,8,True
1000,1,14.764399966225028,8,True
100,24,2.0535998046398163,8,True
10,2,0.6875998806208372,8,True
1000,11,14.788000145927072,8,True
100,7,2.074299845844507,8,True
100,23,1.9584998954087496,8,True
1000,28,19.784099888056517,8,True
100,8,2.0834000315517187,8,True
10,29,0.7027999963611364,8,True
100,4,1.9783999305218458,8,True
10,7,0.6765001453459263,8,True
10,5,0.6490000523626804,8,True
10,11,0.660100020468235,8,True
100,26,1.9465999212116003,8,True
1000,8,14.914399944245815,8,True
10,27,0.770400045439601,8,True
1000,15,14.711899915710092,8,True
10,12,0.7958000060170889,8,True
1000,0,14.410099945962429,8,True
1000,26,15.622899867594242,8,True
1000,16,15.693899942561984,8,True
10,9,0.7859000470489264,8,True
10,4,0.6703999824821949,8,True
10,28,0.6633999291807413,8,True
100,29,2.049400005489588,8,True
100,14,1.965200062841177,8,True
10,15,0.674600014463067,8,True
1000,14,14.699199935421348,8,True
1000,9,16.450699884444475,8,True
100,9,2.156199887394905,8,True
100,11,1.9952000584453344,8,True
1000,10,19.013599958270788,8,True
10,26,0.8020000532269478,8,True
10,0,0.6905999034643173,8,True
100,17,1.9443000201135874,8,True
10,3,0.6671000737696886,8,True
10,23,0.6494000554084778,8,True
100,10,1.9934000447392464,8,True
1000,6,15.28259995393455,8,True
100,13,2.395500196143985,8,True
10,21,0.7107001729309559,8,True
1000,3,14.758800156414509,8,True
1000,22,15.077600022777915,8,True
1000,27,16.03100006468594,8,True
1000,20,15.021600062027574,8,True
1000,7,15.56310011073947,8,True
100,2,2.221199916675687,8,True
100,5,2.0111999474465847,8,True
10,19,0.6719999946653843,8,True
1000,24,15.13289986178279,8,True
1000,18,20.014200126752257,8,True
100,19,2.3078001104295254,8,True
10,18,0.6976998411118984,8,True
1000,25,15.16119996085763,8,True
10,13,0.794899882748723,8,True
100,0,2.001299988478422,8,True
100,21,1.9663001876324415,8,True
1000,2,14.838699949905276,8,True
100,20,2.08320003002882,8,True
100,15,2.0026001147925854,8,True
100,25,1.958400011062622,8,True
10,10,0.6657999474555254,8,True
100,18,1.965999836102128,8,True
10,6,0.6701000966131687,8,True
1000,19,15.43440017849207,8,True
100,28,2.0916000939905643,8,True
100,12,1.983199967071414,8,True
10,22,0.6754000205546618,8,True
10,16,0.65660011023283,8,True
